,School,Zipcode
0,47 The American Sign Language and English Secondar,['10010']
1,A. Philip Randolph Campus High School,['10031']
2,ACORN Community High School,['11238']
3,Academic Leadership Charter School,['10454']
4,Academy For Personal Leadership And Excellence,['10468']
5,Academy for Careers in Television and Film,['11101']
6,Academy for Conservation and the Environment,['11236']
7,Academy for Environmental Leadership,['11237']
8,Academy for Health Careers,['11213']
9,Academy for Language and Technology,['10453']
10,Academy for New Americans,['11102']
11,Academy for Scholarship and Entrepreneurship: A Co,['10466']
12,Academy for Social Action,['10475']
13,Academy for Software Engineering,['10003']
14,Academy for Young Writers,['11239']
15,Academy of American Studies,['11101']
16,Academy of Applied Mathematics and Technology,['10454']
17,Academy of Arts and Letters,['10032']
18,Academy of Finance and Enterprise,['11101']
19,Academy of Hospitality and Tourism,['11226']
20,Academy of Innovative Technology,['11208']
21,Academy of Medical Technology: A College Board Sch,['11691']
22,Academy of Public Relations,['10456']
23,Academy of the City Charter School,['11377']
24,Accion Academy,['10459']
25,Achievement First Apollo Charter School,['11208']
26,Achievement First Aspire Charter School,['11208']
27,Achievement First Brownsville Charter School,['11233']
28,Achievement First Bushwick Charter School,['11207']
29,Achievement First Crown Heights Charter School,['11203']
30,Achievement First East New York Charter School,['11207']
31,Achievement First Endeavor Charter School,['11238']
32,Achievement First Linden Elementary School,['11207']
33,Achievement First North Brooklyn Prep Charter Scho,['11221']
34,Achievement First Voyager Charter School,['11226']
35,Albert Shanker School for Visual and Performing Ar,['11106']
36,Alfred E. Smith Career and Technical Education Hig,['10451']
37,All City Leadership Secondary School,['11237']
38,Amber Charter School,['10029']
39,Amber Charter School II,['10029']
40,American Dream Charter School,['10454']
41,Amistad Dual Language School,['10034']
42,Ampark Neighborhood,['10463']
43,Andries Hudde,['11210']
44,Antonia Pantoja Preparatory Academy: A College Boa,['10473']
45,Archer Elementary School,['10460']
46,"Archimedes Academy for Math, Science and Technolog",['10473']
47,Art and Design High School,['10022']
48,Arturo A. Schomburg Satellite Academy Bronx,['10459']
49,Aspirations Diploma Plus High School,['11225']
50,Astor Collegiate Academy,['10469']
51,Atmosphere Charter School,['10463']
52,August Martin High School,['11434']
53,Automotive High School,['11222']
54,BELL Academy,['11360']
55,Baccalaureate School for Global Education,['11106']
56,"Ballet Tech, NYC Public School for Dance",['10003']
57,Bard High School Early College,['10002']
58,Bard High School Early College Queens,['11101']
59,Baruch College Campus High School,['10010']
60,Battery Park City School,['10004']
61,Baychester Academy,['10466']
62,Baychester Middle School,['10466']
63,Bayside High School,['11361']
64,Beacon High School,['10036']
65,Bedford Academy High School,['11216']
66,Bedford Park Elementary School,['10467']
67,Bedford Stuyvesant Collegiate Charter School,['11221']
68,Bedford Stuyvesant New Beginnings Charter School,['11206']
69,Bedford Stuyvesant Preparatory High School,['11216']
70,Beginning with Children Charter School II,['11206']
71,Belmont Preparatory High School,['10458']
72,Benjamin Banneker Academy,['11205']
73,Benjamin Franklin High School for Finance & Inform,['11411']
74,Benjamin N. Cardozo High School,['11364']
75,Blueprint Middle School,['10472']
76,Boys Preparatory Charter School of New York,['10451']
77,Boys and Girls High School,['11213']
78,Brighter Choice Community School,['11206']
79,Brilla College Prep Charter School,['10454']
80,Brilla Veritas Charter School,['10454']
81,Bronx Academy for Software Engineering (BASE),['10458']
82,Bronx Academy of Health Careers,['10467']
83,Bronx Academy of Promise Charter School,['10452']
84,Bronx Aerospace High School,['10467']
85,Bronx Alliance Middle School,['10466']
86,Bronx Arena High School,['10473']
87,Bronx Bridges High School,['10473']
88,Bronx Career and College Preparatory High School,['10456']
89,Bronx Center for Science and Mathematics,['10456']
90,Bronx Charter School for Better Learning,['10466']
91,Bronx Charter School for Better Learning II,['10466']
92,Bronx Charter School for Children,['10454']
93,Bronx Charter School for Excellence,['10462']
94,Bronx Charter School for Excellence 3,['10462']
95,Bronx Charter School for Excellence II,['10462']
96,Bronx Charter School for the Arts,['10474']
97,Bronx Collaborative High School,['10468']
98,Bronx Collegiate Academy,['10457']
99,Bronx Community Charter School,['10467']
100,Bronx Community High School,['10473']
101,Bronx Compass High School,['10473']
102,Bronx Dance Academy School,['10467']
103,Bronx Delta School,['10465']
104,Bronx Design and Construction Academy,['10451']
105,Bronx Early College Academy for Teaching & Learnin,['10456']
106,Bronx Engineering and Technology Academy,['10463']
107,Bronx Envision Academy,['10460']
108,Bronx Global Learning Institute for Girls Charter,['10451']
109,Bronx Green Middle School,['10467']
110,Bronx Haven High School,['10451']
111,Bronx Health Sciences High School,['10475']
112,Bronx High School for Law and Community Service,['10458']
113,Bronx High School for Medical Science,['10457']
114,Bronx High School for Writing and Communication Ar,['10467']
115,Bronx High School for the Visual Arts,['10462']
116,Bronx High School of Business,['10457']
117,Bronx International High School,['10456']
118,Bronx Lab School,['10467']
119,Bronx Latin,['10456']
120,Bronx Leadership Academy High School,['10457']
121,Bronx Leadership Academy II High School,['10451']
122,Bronx Lighthouse Charter School,['10459']
123,Bronx Little School,['10460']
124,Bronx Park Middle School,['10467']
125,Bronx Preparatory Charter School,['10457']
126,Bronx Regional High School,['10459']
127,Bronx River High School,['10461']
128,"Bronx School for Law, Government and Justice",['10451']
129,Bronx School of Law and Finance,['10463']
130,Bronx Studio School for Writers and Artists,['10459']
131,Bronx Theatre High School,['10463']
132,Bronx Writing Academy,['10456']
133,Bronxdale High School,['10469']
134,Brooklyn Academy High School,['11216']
135,Brooklyn Academy of Science and the Environment,['11225']
136,Brooklyn Arbor Elementary School,['11211']
137,Brooklyn Arts and Science Elementary School,['11238']
138,Brooklyn Ascend Charter School,['11212']
139,Brooklyn Bridge Academy,['11236']
140,Brooklyn Brownstone School,['11233']
141,Brooklyn Charter School,['11206']
142,Brooklyn College Academy,['11218']
143,Brooklyn Collegiate: A College Board School,['11233']
144,Brooklyn Community Arts & Media High School (BCAM),['11205']
145,Brooklyn Democracy Academy,['11212']
146,Brooklyn Dreams Charter School,['11230']
147,Brooklyn East Collegiate Charter School,['11216']
148,Brooklyn Emerging Leaders Academy,['11221']
149,Brooklyn Environmental Exploration School (BEES),['11233']
150,Brooklyn Excelsior Charter School,['11221']
151,Brooklyn Frontiers High School,['11201']
152,Brooklyn Gardens Elementary School,['11207']
153,Brooklyn Generation School,['11236']
154,Brooklyn High School for Law and Technology,['11221']
155,Brooklyn High School for Leadership and Community,['11205']
156,Brooklyn High School of the Arts,['11217']
157,Brooklyn Institute for Liberal Arts,['11203']
158,Brooklyn International High School,['11201']
159,Brooklyn LABÂ Charter School,['11201']
160,Brooklyn Lab School,['11208']
161,Brooklyn Landmark Elementary School,['11233']
162,"Brooklyn Latin School, The",['11206']
163,Brooklyn Preparatory High School,['11211']
164,Brooklyn Prospect Charter School,['11218']
165,Brooklyn Prospect Charter School Downtown,['11201']
166,Brooklyn Scholars Charter School,['11208']
167,Brooklyn School of Inquiry,['11204']
168,Brooklyn Science and Engineering Academy,['11203']
169,Brooklyn Secondary School for Collaborative Studie,['11231']
170,Brooklyn Studio Secondary School,['11214']
171,Brooklyn Technical High School,['11217']
172,Brooklyn Theatre Arts High School,['11236']
173,Brooklyn Urban Garden Charter School,['11215']
174,Brooklyn's Daily Discovery Pre-K Center,['11223']
175,Broome Street Academy Charter School,['10013']
176,Brownsville Academy High School,['11212']
177,Brownsville Ascend Charter School,['11212']
178,Brownsville Collaborative Middle School,['11212']
179,Brownsville Collegiate Charter School,['11212']
180,Bushwick Ascend Charter School,['11237']
181,Bushwick Community High School,['11221']
182,Bushwick Leaders High School for Academic Excellen,['11221']
183,Business Of Sports School,['10019']
184,Business Technology Early College High School,['11427']
185,CSI High School for International Studies,['10314']
186,Cambria Heights Academy,['11423']
187,Canarsie Ascend Charter School,['11236']
188,Capital Preparatory (CP) Harlem Charter School,['10029']
189,Careers in Sports High School,['10451']
190,Cascades High School,['10002']
191,Castle Bridge School,['10032']
192,"Celia Cruz Bronx High School of Music, The",['10468']
193,Central Brooklyn Ascend Charter School,['11226']
194,Central Park East High School,['10029']
195,Central Park East I,['10029']
196,Central Park East II,['10029']
197,Central Queens Academy Charter School,['11373']
198,Challenge Preparatory Charter School,['11691']
199,Channel View School for Research,['11694']
200,Charter High School for Law and Social Justice,['10453']
201,Chelsea Career and Technical Education High School,['10013']
202,Children's Aid College Prep Charter School,['10457']
203,Christopher Avenue Community School,['11212']
204,Citizens of the World Charter School New York 2 Cr,['11222']
205,City College Academy of the Arts,['10040']
206,City Knoll Middle School,['10001']
207,"City Polytechnic High School of Engineering, Archi",['11201']
208,Civic Leadership Academy,['11373']
209,Clara Barton High School,['11225']
210,Claremont International HS,['10457']
211,Coalition School for Social Change,['10035']
212,Cobble Hill School of American Studies,['11201']
213,Collaborative Arts Middle School,['11413']
214,Collegiate Institute for Math and Science,['10469']
215,Columbia Secondary School,['10027']
216,Community Health Academy of the Heights,['10032']
217,Community Partnership Charter School,['11238']
218,Community Roots Charter School,['11205']
219,Community School for Social Justice,['10451']
220,Community Voices Middle School,['11413']
221,Compass Charter School,['83642']
222,Comprehensive Model School Project M.S. 327,['10452']
223,Concourse Village Elementary School,['10451']
224,Conselyea Preparatory School,['11211']
225,Cornerstone Academy for Social Action,['10475']
226,Cornerstone Academy for Social Action Middle Schoo,['10475']
227,Creston Academy,['10453']
228,Crotona Academy High School,['10459']
229,Crotona International High School,['10458']
230,Cultural Academy for the Arts and Sciences,['11203']
231,Curtis High School,['98466']
232,Cynthia Jenkins School,['11434']
233,Cypress Hills Collegiate Preparatory School,['11208']
234,DREAM Charter School,['10029']
235,DeWitt Clinton High School,['10468']
236,Democracy Prep Endurance Charter School,['10027']
237,Democracy Prep Harlem Charter School,['10027']
238,Digital Arts and Cinema Technology High School,['11201']
239,Discovery High School,['30045']
240,District 11 Pre-K Center,['80910']
241,District 2 Pre-K Center,['10004']
242,District 20 Pre-K Center,['11228']
243,District 29 Pre-K Center,['11432']
244,District 30 Pre-K Center,['11103']
245,Dock Street School for STEAM Studies,['11201']
246,Dos Puentes Elementary School,['10033']
247,Dr. Richard Izquierdo Health and Science Charter S,['10456']
248,Dr. Susan S. McKinney Secondary School of the Arts,['11205']
249,DreamYard Preparatory School,['10457']
250,E.S.M.T- I.S. 190,['10460']
251,EBC High School for Public Service - Bushwick,['11221']
252,"EMBER Charter School for Mindful Education, Innova",['11233']
253,Eagle Academy for Young Men,['10457']
254,Eagle Academy for Young Men II,['11233']
255,Eagle Academy for Young Men III,['10457']
256,Eagle Academy for Young Men of Harlem,['10030']
257,East Bronx Academy for the Future,['10460']
258,East Brooklyn Community High School,['11212']
259,East Elmhurst Community School,['11369']
260,East Flatbush Community Research School,['11203']
261,East Fordham Academy for the Arts,['10468']
262,East Harlem Scholars Academy Charter School,['10029']
263,East Harlem Scholars Academy Charter School II,['10029']
264,East New York Elementary School of Excellence,['11208']
265,East New York Family Academy,['11207']
266,East New York Middle School of Excellence,['11208']
267,East River Academy,['11370']
268,East Side Community School,['10009']
269,"East Side Elementary School, PS 267",['10065']
270,East Side Middle School,['10128']
271,East Williamsburg Scholars Academy,['11211']
272,East-West School of International Studies,['11355']
273,Ebbets Field Middle School,['11225']
274,Edward A. Reynolds West Side High School,['10025']
275,Edward R. Murrow High School,['11230']
276,El Puente Academy for Peace and Justice,['11211']
277,Eleanor Roosevelt High School,['20770']
278,"Elementary School for Math, Science, and Technolog",['10453']
279,Elijah Stroud Middle School,['11238']
280,Ella Baker School,['10065']
281,Elm Tree Elementary School,['72712']
282,Emma Lazarus High School,['10002']
283,Emolior Academy,['10460']
284,Energy Tech High School,['11106']
285,English Language Learners and International Suppor,['10463']
286,Entrada Academy,['10459']
287,Epic High School - North,['11419']
288,Epic High School - South,['11420']
289,Esperanza Preparatory Academy,['10029']
290,Essex Street Academy,['10002']
291,Evergreen Middle School for Urban Exploration,['11207']
292,Excellence Boys Charter School,['11233']
293,Excellence Girls Charter School,['11221']
294,Excelsior Preparatory High School,['11413']
295,Eximius College Preparatory Academy: A College Boa,['10456']
296,Expeditionary Learning School for Community Leader,['11214']
297,Explorations Academy H.S.,['10460']
298,Explore Charter School,['11226']
299,Explore Empower Charter School,['11213']
300,Explore Exceed Charter School,['11238']
301,Explore Excel Charter School,['11236']
302,"Facing History School, The",['10019']
303,Fairmont Neighborhood School,['10460']
304,Family Life Academy Charter School,['10454']
305,Family Life Academy Charter School II,['10454']
306,Family Life Academy Charter School III,['10451']
307,Fannie Lou Hamer Freedom High School,['10460']
308,Fannie Lou Hamer Middle School,['10460']
309,Felisa Rincon de Gautier Institute for Law and Pub,['10473']
310,Fiorello H. LaGuardia High School of Music & Art a,['10023']
311,Flushing High School,['11354']
312,Flushing International High School,['11355']
313,Food and Finance High School,['10019']
314,Fordham High School for the Arts,['10458']
315,Fordham Leadership Academy,['10458']
316,Forest Hills High School,['11375']
317,Forsyth Satellite Academy,['10002']
318,Fort Greene Preparatory Academy,['11205']
319,Fort Hamilton High School,['11209']
320,Fort Hill Collaborative Elementary School,['10301']
321,Forte Preparatory Academy Charter School,['11369']
322,Francis Lewis High School,['11365']
323,Frank Mccourt High School,['10024']
324,Frank Sinatra School of the Arts High School,['11106']
325,Franklin Delano Roosevelt High School,['11204']
326,Frederick Douglass Academy,['10039']
327,Frederick Douglass Academy II Secondary School,['10026']
328,Frederick Douglass Academy III Secondary School,['10456']
329,Frederick Douglass Academy V. Middle School,['10457']
330,Frederick Douglass Academy VI High School,['11691']
331,Frederick Douglass Academy VII High School,['11212']
332,Frederick Douglass Academy VIII Middle School,['11239']
333,Future Leaders Institute Charter School,['10027']
334,Garden of Learning and Discovery Pre-K Center,['10452']
335,Gaynor McCown Expeditionary Learning School,['10314']
336,George Washington Carver High School for the Scien,['11413']
337,George Westinghouse Career and Technical Education,['11201']
338,Girls Preparatory Charter School of New York,['10002']
339,Girls Preparatory Charter School of the Bronx,['10455']
340,Global Community Charter School,['10037']
341,Global Technology Preparatory,['10035']
342,Goldie Maple Academy,['11692']
343,Gotham Collaborative High School,['10473']
344,Gotham Professional Arts Academy,['11238']
345,Gramercy Arts High School,['10003']
346,Grand Concourse Charter School,['10465']
347,Grant Avenue Elementary School,['10456']
348,Gregorio Luperon High School for Science and Mathe,['10032']
349,Grover Cleveland High School,['11385']
350,Growing Up Green Charter School II,['11432']
351,Hamilton Grange Middle School,['10031']
352,Hamilton Heights School,['10031']
353,Harbor Science and Arts Charter School,['10029']
354,Harlem Children's Zone Promise Academy 1 Charter S,['10027']
355,Harlem Children's Zone Promise Academy II Charter,['10035']
356,Harlem Hebrew Language Charter School,['10026']
357,Harlem Link Charter School,['10026']
358,Harlem Prep Charter School,['10030']
359,Harlem Renaissance High School,['10035']
360,Harlem Village Academy Charter School,['10027']
361,Harlem Village Academy Leadership Charter School,['10027']
362,Harriet Tubman Charter School,['10456']
363,Harry S Truman High School,['10475']
364,Harvest Collegiate High School,['10011']
365,Harvey Milk High School,['10003']
366,Hawtree Creek Middle School,['11420']
367,Health Opportunities High School,['10451']
368,Hebrew Language Academy Charter School,['11234']
369,Hebrew Language Academy Charter School 2,['11234']
370,Heketi Community Charter School,['10454']
371,Hellenic Classical Charter School,['11215']
372,Herbert H. Lehman High School,['10461']
373,"Heritage School, The",['10029']
374,High School M560 - City As School,['10014']
375,High School for Arts and Business,['11368']
376,High School for Civil Rights,['11207']
377,High School for Community Leadership,['11432']
378,"High School for Construction Trades, Engineering a",['11416']
379,High School for Contemporary Arts,['10467']
380,High School for Dual Language and Asian Studies,['10002']
381,High School for Energy and Technology,['10458']
382,High School for Environmental Studies,['10019']
383,High School for Excellence and Innovation,['10034']
384,High School for Health Careers and Sciences,['10040']
385,High School for Health Professions and Human Servi,['10003']
386,High School for Innovation in Advertising and Medi,['11236']
387,High School for Law Enforcement and Public Safety,['11434']
388,High School for Law and Public Service,['10040']
389,"High School for Law, Advocacy and Community Justic",['10023']
390,"High School for Mathematics, Science and Engineeri",['10031']
391,High School for Media and Communications,['10040']
392,High School for Medical Professions,['11236']
393,High School for Public Service: Heroes of Tomorrow,['11203']
394,High School for Teaching and the Professions,['10468']
395,High School for Violin and Dance,['10456']
396,High School for Youth and Community Development at,['11226']
397,High School of American Studies at Lehman College,['10468']
398,High School of Applied Communication,['11101']
399,High School of Arts and Technology,['10023']
400,High School of Computers and Technology,['10467']
401,High School of Economics and Finance,['10006']
402,High School of Hospitality Management,['10019']
403,High School of Language and Innovation,['10469']
404,High School of Sports Management,['11214']
405,High School of World Cultures,['10472']
406,Highland Park Community School,['11208']
407,Hillcrest High School,['29681']
408,Hillside Arts & Letters Academy,['11432']
409,Holcombe L. Rucker School of Community Research,['10459']
410,Home Instruction,['10465']
411,Hostos-Lincoln Academy of Science,['10455']
412,Hudson High School of Learning Technologies,['10011']
413,Humanities Preparatory Academy,['10011']
414,Hunters Point Community Middle School,['11101']
415,Hyde Leadership Charter School,['10474']
416,Hyde Leadership Charter School- Brooklyn,['11207']
417,I. S. 381,['11210']
418,I.S. 007 Elias Bernstein,['10312']
419,I.S. 025 Adrien Block,['11358']
420,I.S. 027 Anning S. Prall,['10310']
421,I.S. 034 Tottenville,['10307']
422,I.S. 059 Springfield Gardens,['11413']
423,I.S. 061 William A Morris,['10301']
424,I.S. 072 Rocco Laurie,['10314']
425,I.S. 093 Ridgewood,['11385']
426,I.S. 096 Seth Low,['11204']
427,I.S. 117 Joseph H. Wade,['10453']
428,I.S. 119 The Glendale,['11385']
429,I.S. 125 Thom J. McCann Woodside,['11377']
430,I.S. 136 Charles O. Dewey,['11232']
431,I.S. 141 The Steinway,['11105']
432,I.S. 145 Joseph Pulitzer,['11372']
433,I.S. 171 Abraham Lincoln,['11208']
434,I.S. 181 Pablo Casals,['10475']
435,I.S. 192 The Linden,['11412']
436,I.S. 204 Oliver W. Holmes,['11106']
437,I.S. 206 Ann Mersereau,['10468']
438,I.S. 211 John Wilson,['11236']
439,I.S. 218 Salome Urena,['10040']
440,I.S. 219 New Venture School,['10456']
441,I.S. 227 Louis Armstrong,['11369']
442,I.S. 228 David A. Boody,['11223']
443,I.S. 229 Roland Patterson,['10453']
444,I.S. 230,['11372']
445,I.S. 232,['10453']
446,I.S. 237,['11355']
447,I.S. 238 - Susan B. Anthony Academy,['11423']
448,I.S. 250 The Robert F. Kennedy Community Middle Sc,['11366']
449,I.S. 254,['10458']
450,I.S. 281 Joseph B Cavallaro,['11214']
451,I.S. 285 Meyer Levin,['11203']
452,I.S. 289,['10282']
453,I.S. 303 Herbert S. Eisenberg,['11224']
454,I.S. 313 School of Leadership Development,['10457']
455,I.S. 318 Eugenio Maria De Hostos,['11206']
456,I.S. 339,['10457']
457,I.S. 340,['11238']
458,I.S. 347 School of Humanities,['11221']
459,I.S. 364 Gateway,['11239']
460,I.S. 392,['11212']
461,I.S. 49 Berta A. Dreyfus,['10304']
462,I.S. 5 - The Walter Crowley Intermediate School,['11373']
463,I.S. 528 Bea Fuller Rodgers School,['10033']
464,I.S. 584,['10455']
465,I.S. 73 - The Frank Sansivieri Intermediate School,['11378']
466,I.S. 98 Bay Academy,['11235']
467,Icahn Charter School,['10461']
468,Icahn Charter School 2,['10462']
469,Icahn Charter School 3,['10461']
470,Icahn Charter School 4,['10461']
471,Icahn Charter School 5,['10461']
472,Icahn Charter School 6,['10457']
473,Icahn Charter School 7,['10473']
474,Imagine Me Leadership Charter School,['11207']
475,In-Tech Academy (M.S. / High School 368),['10463']
476,Information Technology High School,['11101']
477,Innovation Diploma Plus,['10024']
478,Institute for Collaborative Education,['10003']
479,Institute for Health Professions at Cambria Height,['11411']
480,International Community High School,['10454']
481,International High School at LaGuardia Community C,['11101']
482,International High School at Lafayette,['11214']
483,International High School at Prospect Heights,['11225']
484,International High School at Union Square,['10003']
485,International High School for Health Sciences,['11373']
486,International Leadership Charter High School,['10463']
487,International School for Liberal Arts,['10468']
488,Invictus Preparatory Charter School,['11208']
489,Inwood Academy for Leadership Charter School,['10034']
490,Inwood Early College for Health and Information Te,['10034']
491,Irwin Altman Middle School 172,['11004']
492,Isaac Newton Middle School for Math & Science,['10029']
493,It Takes a Village Academy,['11203']
494,J. M. Rapport School Career Development,['10455']
495,J.H.S. 022 Jordan L. Mott,['10456']
496,J.H.S. 062 Ditmas,['11218']
497,J.H.S. 067 Louis Pasteur,['11362']
498,J.H.S. 078 Roy H. Mann,['11234']
499,J.H.S. 080 The Mosholu Parkway,['10467']
500,J.H.S. 104 Simon Baruch,['10010']
501,J.H.S. 118 William W. Niles,['10457']
502,J.H.S. 123 James M. Kieran,['10472']
503,J.H.S. 125 Henry Hudson,['10472']
504,J.H.S. 127 The Castle Hill,['10462']
505,J.H.S. 131 Albert Einstein,['10473']
506,J.H.S. 143 Eleanor Roosevelt,['10033']
507,J.H.S. 144 Michelangelo,['10469']
508,J.H.S. 151 Lou Gehrig,['10451']
509,J.H.S. 157 Stephen A. Halsey,['11374']
510,J.H.S. 162 The Willoughby,['11237']
511,J.H.S. 167 Robert F. Wagner,['10021']
512,J.H.S. 185 Edward Bleeker,['11354']
513,J.H.S. 189 Daniel Carter Beard,['11355']
514,J.H.S. 190 Russell Sage,['11375']
515,J.H.S. 194 William Carr,['11357']
516,J.H.S. 201 The Dyker Heights,['11228']
517,J.H.S. 202 Robert H. Goddard,['11417']
518,J.H.S. 210 Elizabeth Blackwell,['11421']
519,J.H.S. 216 George J. Ryan,['11365']
520,J.H.S. 217 Robert A. Van Wyck,['11435']
521,J.H.S. 218 James P. Sinnott,['11208']
522,J.H.S. 220 John J. Pershing,['11220']
523,J.H.S. 223 The Montauk,['11204']
524,J.H.S. 226 Virgil I. Grissom,['11420']
525,J.H.S. 227 Edward B. Shallow,['11204']
526,J.H.S. 278 Marine Park,['11229']
527,J.H.S. 291 Roland Hayes,['11221']
528,J.H.S. 292 Margaret S. Douglas,['11207']
529,J.H.S. 383 Philippa Schuyler,['11237']
530,Jacqueline Kennedy Onassis High School,['10036']
531,Jamaica Children's School,['11433']
532,Jamaica Gateway to the Sciences,['11432']
533,"James Baldwin School, The: A School for Expedition",['10011']
534,James Madison High School,['30092']
535,Jean Nuzzi Intermediate School,['11428']
536,Jill Chaifetz Transfer High School,['10456']
537,John Adams High School,['11417']
538,John Bowne High School,['11367']
539,John Dewey High School,['11223']
540,John Ericsson Middle School 126,['11222']
541,John Jay School for Law,['11215']
542,John V. Lindsay Wildcat Academy Charter School,['10004']
543,John W. Lavelle Preparatory Charter School,['10311']
544,Jonas Bronck Academy,['10458']
545,Juan Morel Campos Secondary School,['11206']
546,KAPPA IV,['10030']
547,KIPP AMP Charter School,['11213']
548,KIPP Infinity Charter School,['10027']
549,KIPP STAR College Prep Charter School,['10027']
550,KIPP Washington Heights Middle School,['10032']
551,Kappa III,['10460']
552,Kappa V (Knowledge and Power Preparatory Academy),['11212']
553,Khalil Gibran International Academy,['11217']
554,Kings Collegiate Charter School,['11212']
555,Kingsborough Early College School,['11214']
556,Kingsbridge International High School,['10468']
557,Knowledge and Power Preparatory Academy Internatio,['10458']
558,Knowledge and Power Preparatory Academy VI,['10458']
559,Kurt Hahn Expeditionary Learning School,['11203']
560,La Cima Charter School,['11221']
561,Landmark High School,['84660']
562,Launch Expeditionary Learning Charter School,['11213']
563,Leaders of Tomorrow,['10467']
564,Leadership Prep Bedford Stuyvesant Uncommon Prep C,['11216']
565,Leadership Preparatory Brownsville Charter School,['11212']
566,Leadership Preparatory Ocean Hill Charter School,['11212']
567,Leadership and Public Service High School,['10006']
568,Learners and Leaders,['11385']
569,Learning through Play Pre-K Center,['10454']
570,Legacy College Preparatory,['10454']
571,Leon M. Goldstein High School for the Sciences,['11235']
572,Liberation Diploma Plus,['11224']
573,Liberty Avenue Middle School,['11208']
574,Liberty High School Academy for Newcomers,['10011']
575,Life Academy High School for Film and Music,['11214']
576,Life Sciences Secondary School,['10128']
577,Lighthouse Elementary School,['33458']
578,Linden Tree Elementary School,['10462']
579,Long Island City High School,['11106']
580,Longwood Preparatory Academy,['10459']
581,Lower East Side Preparatory High School,['10002']
582,Lower Manhattan Arts Academy,['10002']
583,Lower Manhattan Community Middle School,['10004']
584,Lucero Elementary School,['10452']
585,Luisa Pineiro Fuentes School of Science and Discov,['10468']
586,Lyons Community School,['11206']
587,M.S. 035 Stephen Decatur,['11233']
588,M.S. 113 Ronald Edmonds Learning Center,['11205']
589,M.S. 129 Academy for Independent Learning and Lead,['10460']
590,M.S. 131,['10002']
591,M.S. 137 America's School of Heroes,"['10915', '11417']"
592,M.S. 158 Marie Curie,['11361']
593,M.S. 180 Dr. Daniel Hale Williams,['10475']
594,M.S. 224 Manhattan East School for Arts & Academic,['10029']
595,M.S. 243 Center School,['10024']
596,M.S. 250 West Side Collaborative Middle School,['10025']
597,M.S. 255 Salk School of Science,['10003']
598,"M.S. 267 Math, Science & Technology",['11238']
599,M.S. 301 Paul L. Dunbar,['10456']
600,M.S. 302 Luisa Dessus Cruz,['10455']
601,M.S. 319 - Maria Teresa,['10032']
602,M.S. 324 - Patria Mirabal,['10032']
603,M.S. 358,['11432']
604,M.S. 390,['10453']
605,M.S. 442 Carroll Gardens School for Innovation,['11215']
606,M.S. 51 William Alexander,['11215']
607,M.S. 582,['11206']
608,M.S. 839,['11218']
609,M.S. K266 - Park Place Community Middle School,['11217']
610,M.S. M245 The Computer School,['10024']
611,M.S. M247 Dual Language Middle School,['10024']
612,MANHATTAN ACADEMY FOR ARTS & LANGUAGE,['90266']
613,MANHATTAN BUSINESS ACADEMY,['10011']
614,Madiba Prep Middle School,['11221']
615,"Magnet School of Math, Science and Design Technolo",['11215']
616,Manhattan / Hunter Science High School,['10023']
617,Manhattan Bridges High School,['10019']
618,Manhattan Center for Science and Mathematics,['10029']
619,Manhattan Charter School,['10002']
620,Manhattan Charter School II,['10002']
621,Manhattan Comprehensive Night and Day High School,['10003']
622,Manhattan Early College School for Advertising,['10038']
623,Manhattan International High School,['10065']
624,Manhattan School for Career Development,['10003']
625,Manhattan Village Academy,['10010']
626,Marble Hill High School for International Studies,['10463']
627,Mark Twain I.S. 239 for the Gifted & Talented,['11224']
628,Marsh Avenue School for Expeditionary Learning,['10314']
629,Marta Valle High School,['10002']
630,Martin Van Buren High School,['11427']
631,Maspeth High School,['11373']
632,"Mathematics, Science Research and Technology Magne",['11411']
633,Medgar Evers College Preparatory School,['11225']
634,Merrick Academy - Queens Public Charter School,['11413']
635,Metropolitan Expeditionary Learning School,['11375']
636,"Metropolitan High School, The",['10459']
637,Metropolitan Lighthouse Charter School,['10452']
638,Middle College High School at LaGuardia Community,['11101']
639,Middle School 322,['10040']
640,Middle School for Art and Philosophy,['11212']
641,Middle School of Marketing and Legal Studies,['11203']
642,Middle Village Prep Charter School,['11379']
643,Midwood High School,['11210']
644,Millennium Art Academy,['10473']
645,Millennium Brooklyn HS,['11215']
646,Millennium High School,"['14802', '85395']"
647,Milton Fein School,['10463']
648,Morris Academy for Collaborative Studies,['10456']
649,Mosaic Pre-K Center,['11373']
650,Mosaic Preparatory Academy,['10029']
651,Mott Hall Bridges Academy,['11212']
652,Mott Hall Bronx High School,['10457']
653,Mott Hall Charter School,['10456']
654,Mott Hall Community School,['10465']
655,Mott Hall High School,['10030']
656,Mott Hall II,['10025']
657,Mott Hall III,['10456']
658,Mott Hall IV,['11233']
659,Mott Hall V,['10472']
660,Mott Haven Academy Charter School,['10454']
661,Mott Haven Community High School,['10455']
662,Mott Haven Village Preparatory High School,['10455']
663,Mount Eden Children's Academy,['10452']
664,Multicultural High School,['11208']
665,Murray Hill Academy,['10016']
666,Murry Bergtraum High School for Business Careers,['10038']
667,Muscota,['10034']
668,N.Y.C. Lab School for Collaborative Studies,['10011']
669,N.Y.C. Museum School,['10011']
670,"NYC Charter High School for Architecture, Engineer",['10451']
671,NYC iSchool,['10013']
672,Naples Street Elementary School,['10304']
673,Neighborhood Charter School of Harlem,['10027']
674,Neighborhood School,['10009']
675,Nelson Mandela High School,[]
676,New American Academy Charter School,['11236']
677,New Bridges Elementary,['11213']
678,New Dawn Charter High School,['11217']
679,New Design High School,['10002']
680,New Design Middle School,['10027']
681,New Directions Secondary School,['10457']
682,New Dorp High School,['10306']
683,"New Explorations into Science, Technology and Math",['10002']
684,New Explorers High School,['10451']
685,New Heights Academy Charter School,['10031']
686,New Heights Middle School,['11203']
687,New Hope Academy Charter School,['11203']
688,New Millennium Business Academy Middle School,['10456']
689,New Utrecht High School,['11214']
690,New Visions A.I.M. Charter High School II,['10459']
691,New Visions Charter High School for Advanced Math,['10463']
692,New Visions Charter High School for the Humanities,['10463']
693,New Voices School of Academic & Creative Arts,['11215']
694,New World High School,['10466']
695,New World Preparatory Charter School,['10302']
696,New York Center for Autism Charter School,['10029']
697,New York Center for Autism Charter School Bronx,['10029']
698,New York City Academy for Discovery,['11421']
699,New York City Charter School of the Arts,['10004']
700,New York City Lab Middle School for Collaborative,['10011']
701,New York City Montessori Charter School,['10454']
702,New York French American Charter School,['10027']
703,Newcomers High School,['11101']
704,Newtown High School,['06482']
705,North Bronx School of Empowerment,['10469']
706,North Queens Community High School,"['14125', '11367']"
707,Northside Charter High School,['11222']
708,Ocean Hill Collegiate Charter School,['11233']
709,Olympus Academy,['11236']
710,One World Middle School at Edenwald,['10466']
711,Orchard Collegiate Academy,['10002']
712,Origins High School,['11235']
713,Our World Neighborhood Charter School,['11106']
714,P. S. 62 - Chester Park School,['11419']
715,P.S. /I.S. 384 Frances E. Carter,['11207']
716,P.S. 001 Alfred E. Smith,['10038']
717,P.S. 001 The Bergen,[]
718,P.S. 001 Tottenville,['10307']
719,P.S. 002 Alfred Zimberg,['11370']
720,P.S. 002 Meyer London,['10002']
721,P.S. 003 Charrette School,['10014']
722,P.S. 004 Duke Ellington,['10032']
723,P.S. 004 Maurice Wollin,['10032']
724,P.S. 006 Lillie D. Blake,['10028']
725,P.S. 006 West Farms,['10460']
726,P.S. 007 Louis F. Simeone,['11373']
727,P.S. 008 Isaac Varian,['10458']
728,P.S. 008 Robert Fulton,['11201']
729,P.S. 009,['11238']
730,P.S. 009 Sarah Anderson,['10024']
731,P.S. 009 Teunis G. Bergen,['11238']
732,P.S. 011 Highbridge,['10452']
733,P.S. 011 Kathryn Phelan,['11377']
734,P.S. 011 Purvis J. Behan,['11238']
735,P.S. 011 William T. Harris,['10011']
736,P.S. 013 Clement C. Moore,['11373']
737,P.S. 013 M. L. Lindemeyer,['10305']
738,P.S. 015 Patrick F. Daly,['11231']
739,P.S. 015 Roberto Clemente,['10009']
740,P.S. 017 Henry D. Woodworth,['11211']
741,P.S. 019 Asher Levy,['10003']
742,P.S. 019 Judith K. Weiss,['10470']
743,P.S. 019 Marino Jeantet,['11368']
744,P.S. 019 The Curtis School,"['15871', '90049']"
745,P.S. 020 Clinton Hill,['11205']
746,P.S. 020 John Bowne,['11355']
747,P.S. 020 Port Richmond,['10302']
748,P.S. 021 Edward Hart,['11354']
749,P.S. 021 Philip H. Sheridan,['10466']
750,P.S. 022 Graniteville,['10303']
751,P.S. 022 Thomas Jefferson,['11355']
752,P.S. 023 Richmondtown,['10306']
753,P.S. 023 The New Children's School,['10457']
754,P.S. 024 Spuyten Duyvil,['10463']
755,P.S. 025 Eubie Blake School,['11221']
756,P.S. 026 Jesse Owens,['11221']
757,P.S. 026 Rufus King,['11365']
758,P.S. 026 The Carteret School,['10314']
759,P.S. 028 Mount Hope,['10457']
760,P.S. 028 The Warren Prep Academy,['11233']
761,P.S. 028 Wright Brothers,['10032']
762,P.S. 029 Bardwell,['10314']
763,P.S. 029 John M. Harrigan,['11201']
764,P.S. 029 Queens,['11356']
765,P.S. 030 Hernandez/Hughes,['10035']
766,P.S. 030 Westerleigh,['10314']
767,P.S. 030 Wilton,['10454']
768,P.S. 032 Samuel Mills Sprole,['11231']
769,P.S. 032 The Gifford School,['02493']
770,P.S. 033 Chelsea Prep,['10001']
771,P.S. 033 Edward M. Funk,['11428']
772,P.S. 034 John Harvard,['11429']
773,P.S. 035,['10019']
774,P.S. 035 Franz Siegel,['10451']
775,P.S. 035 Nathaniel Woodhull,['11423']
776,P.S. 036 J. C. Drumgoole,['10312']
777,P.S. 036 Margaret Douglas,['10027']
778,P.S. 036 Saint Albans School,['11412']
779,P.S. 036 Unionport,['10472']
780,P.S. 038 Rosedale,['11422']
781,P.S. 038 The Pacific,['11201']
782,P.S. 039 Henry Bristow,['11215']
783,P.S. 041 Crocheron,['11361']
784,P.S. 041 Greenwich Village,['10011']
785,P.S. 042 Benjamin Altman,['10002']
786,P.S. 042 Claremont,['10457']
787,P.S. 042 Eltingville,['10312']
788,P.S. 044 David C. Farragut,['10457']
789,P.S. 045 Clarence Witherspoon,['11436']
790,P.S. 045 John Tyler,['10310']
791,P.S. 046 Albert V. Maniscalco,['10305']
792,P.S. 046 Alley Pond,['11364']
793,P.S. 046 Edward C. Blum,['11205']
794,P.S. 048 Joseph R. Drake,['10474']
795,P.S. 048 Mapleton,['11204']
796,P.S. 048 P.O. Michael J. Buczek,['10033']
797,P.S. 048 William G. Wilcox,['10304']
798,P.S. 048 William Wordsworth,['11433']
799,P.S. 049 Dorothy Bonawit Kole,['11379']
800,P.S. 049 Willis Avenue,['10454']
801,P.S. 050 Frank Hankinson,['10306']
802,P.S. 050 Talfourd Lawn Elementary School,['11435']
803,P.S. 050 Vito Marcantonio,['10029']
804,P.S. 051 Bronx New School,['10457']
805,P.S. 052 John C. Thompson,['10305']
806,P.S. 052 Queens,['11434']
807,P.S. 052 Sheepshead Bay,['11235']
808,P.S. 053 Basheer Quisim,['10456']
809,P.S. 054 Hillside,['11418']
810,P.S. 054 Samuel C. Barnes,['11205']
811,P.S. 056 Norwood Heights,['10467']
812,P.S. 059 Beekman Hill International,['10022']
813,P.S. 059 The Community School of Technology,['10457']
814,P.S. 059 William Floyd,['11206']
815,P.S. 060 Alice Austen,['10314']
816,P.S. 062 Inocensio Casanova,['10455']
817,P.S. 063 Author's Academy,['10456']
818,P.S. 064 Joseph P. Addabbo,['11416']
819,P.S. 064 Robert Simon,['10009']
820,P.S. 065,['11208']
821,P.S. 065 Mother Hale Academy,['10454']
822,P.S. 066 Jacqueline Kennedy Onassis,['11418']
823,P.S. 066 School of Higher Expectations,['10460']
824,P.S. 067 Charles A. Dorsey,['11205']
825,P.S. 067 Mohegan School,['10460']
826,P.S. 068 Bronx,['10466']
827,P.S. 068 Cambridge,['11385']
828,P.S. 069 Daniel D. Tompkins,['10473']
829,P.S. 069 Jackson Heights,['11372']
830,P.S. 069 Journey Prep School,['10473']
831,P.S. 071 Rose E. Scala,['10461']
832,P.S. 072 Dr. William Dorney,['10465']
833,P.S. 073 Bronx,['10452']
834,P.S. 076 A. Philip Randolph,['10027']
835,P.S. 076 The Bennington School,['10469']
836,P.S. 079 Francis Lewis,['11357']
837,P.S. 081 Robert J. Christen,['10471']
838,P.S. 081 Thaddeus Stevens,['11221']
839,P.S. 083 Donald Hertz,['10462']
840,P.S. 084 Lillian Weber,['10025']
841,P.S. 085 Judge Charles Vallone,['11105']
842,P.S. 086 Kingsbridge Heights,['10468']
843,P.S. 086 The Irvington,['11237']
844,P.S. 087 Bronx,['10466']
845,P.S. 087 William Sherman,['10024']
846,P.S. 089 Bronx,['10469']
847,P.S. 089 Cypress Hills,['11207']
848,P.S. 089 Elmhurst,['11373']
849,P.S. 091 Bronx,['10453']
850,P.S. 091 Richard Arkwright,['11385']
851,P.S. 091 The Albany Avenue School,['11757']
852,P.S. 092 Bronx,['10457']
853,P.S. 092 Harry T. Stewart Sr.,['11368']
854,P.S. 092 Mary McLeod Bethune,['10030']
855,P.S. 093 Albert G. Oliver,['10473']
856,P.S. 093 William H. Prescott,['11216']
857,P.S. 094 David D. Porter,['11363']
858,P.S. 094 Kings College School,[]
859,P.S. 095 Eastwood,['11432']
860,P.S. 095 Sheila Mencher,['10463']
861,P.S. 095 The Gravesend,['11223']
862,P.S. 097 Bronx,['10469']
863,P.S. 098 Shorac Kappock,['10034']
864,P.S. 098 The Douglaston School,['11363']
865,P.S. 099 Kew Gardens,['11415']
866,P.S. 100 Glen Morris,['11420']
867,P.S. 100 Isaac Clason,['10473']
868,P.S. 100 The Coney Island School,['11224']
869,P.S. 101 School in the Gardens,['11375']
870,P.S. 101 The Verrazano,['11214']
871,P.S. 102 Bayview,['11209']
872,P.S. 102 Jacques Cartier,['10029']
873,P.S. 102 The Bayview,['11209']
874,P.S. 103 Hector Fontanez,['10466']
875,P.S. 104 The Bays Water,['11691']
876,P.S. 105 Sen Abraham Bernstein,['10462']
877,P.S. 105 The Bay School,['11691']
878,P.S. 105 The Blythebourne,['11219']
879,P.S. 106 Edward Everett Hale,"['11238', '11221']"
880,P.S. 106 Parkchester,['10462']
881,P.S. 107,['11215']
882,P.S. 107 John W. Kimball,['11215']
883,P.S. 107 Thomas A Dooley,['11358']
884,P.S. 108 Philip J. Abinanti,['10461']
885,P.S. 108 Sal Abbracciamento,['11208']
886,P.S. 109,['11203']
887,P.S. 109 Sedgwick,['10453']
888,P.S. 110,['11222']
889,P.S. 110 Florence Nightingale,['10002']
890,P.S. 110 The Monitor,['11222']
891,P.S. 110 Theodore Schoenfeld,['10456']
892,P.S. 111 Adolph S. Ochs,['10019']
893,P.S. 111 Jacob Blackwell,['11101']
894,P.S. 111 Seton Falls,['10466']
895,P.S. 112 Bronxwood,['10466']
896,P.S. 112 Dutch Kills,['11101']
897,P.S. 112 Jose Celso Barbosa,['10035']
898,P.S. 112 Lefferts Park,['11228']
899,P.S. 114 Ryder Elementary,['11236']
900,P.S. 115 Alexander Humboldt,['10033']
901,P.S. 115 Daniel Mucatel School,['11236']
902,P.S. 116 Elizabeth L Farrell,['11237']
903,P.S. 116 Mary Lindley Murray,['10016']
904,P.S. 118 Lorraine Hansberry,['11412']
905,P.S. 119 Amersfort,['11210']
906,P.S. 120 Carlos Tapia,['11206']
907,P.S. 120 Queens,['11355']
908,P.S. 121 Queens,['11419']
909,P.S. 122 Mamie Fay,['11105']
910,P.S. 123,['11237']
911,P.S. 123 Mahalia Jackson,['10030']
912,P.S. 123 Suydam,['11237']
913,P.S. 124 Osmond A Church,['11420']
914,P.S. 124 Silas B. Dutcher,['11215']
915,P.S. 124 Yung Wing,['10002']
916,P.S. 125 Ralph Bunche,['10027']
917,P.S. 126 Dr Marjorie H Dunbar,['10452']
918,P.S. 126 Jacob August Riis,['10038']
919,P.S. 127 Aerospace Science Magnet School,['11369']
920,P.S. 127 Mckinley Park,['11228']
921,P.S. 128 Audubon,['10032']
922,P.S. 128 Bensonhurst,['11214']
923,P.S. 129 John H. Finley,['10027']
924,P.S. 129 Patricia Larkin,['11356']
925,P.S. 130,['11218']
926,P.S. 130 Abram Stevens Hewitt,['10455']
927,P.S. 130 Hernando De Soto,['10013']
928,P.S. 130 The Parkside,['11218']
929,P.S. 131 Abigail Adams,['11432']
930,P.S. 131 Brooklyn,['11219']
931,P.S. 132 Garret A. Morgan,['10456']
932,P.S. 132 Juan Pablo Duarte,['10033']
933,P.S. 132 Ralph Bunche,['11413']
934,P.S. 132 The Conselyea School,['11211']
935,P.S. 133 Fred R Moore,['10037']
936,P.S. 133 Queens,['11426']
937,P.S. 133 William A. Butler,['11217']
938,P.S. 134 George F. Bristow,['10459']
939,P.S. 134 Henrietta Szold,['10002']
940,P.S. 134 Hollis,['11412']
941,P.S. 135 Sheldon A. Brookner,['11203']
942,P.S. 136 Roy Wilkins,['11412']
943,P.S. 138,['11216']
944,P.S. 138 Brooklyn,['11216']
945,P.S. 138 Samuel Randall,['10473']
946,P.S. 139 Alexine A. Fenty,['11226']
947,P.S. 139 Rego Park,['11374']
948,P.S. 140 Edward K Ellington,['11434']
949,P.S. 140 Nathan Straus,['10002']
950,P.S. 142 Amalia Castro,['10002']
951,P.S. 143 Louis Armstrong,['11368']
952,P.S. 144 Col Jeromus Remsen,['11375']
953,P.S. 145 Andrew Jackson,['11206']
954,"P.S. 145, The Bloomingdale School",['10025']
955,P.S. 146 Ann M. Short,['10029']
956,P.S. 146 Edward Collins,['10456']
957,P.S. 146 Howard Beach,['11414']
958,P.S. 147 Isaac Remsen,['11206']
959,P.S. 148 Queens,['11369']
960,P.S. 149 Christa Mcauliffe,['11372']
961,P.S. 149 Danny Kaye,['11207']
962,P.S. 149 Sojourner Truth,['10026']
963,P.S. 150,['50000']
964,P.S. 150 Charles James Fox,['10459']
965,P.S. 150 Christopher,['11212']
966,P.S. 150 Queens,['11104']
967,P.S. 151 Lyndon B. Johnson,['11207']
968,P.S. 151 Mary D. Carter,['11377']
969,P.S. 152 Dyckman Valley,['10040']
970,P.S. 152 Evergreen,['10472']
971,P.S. 152 Gwendoline N. Alleyne School,['11377']
972,P.S. 153 Adam Clayton Powell,['10031']
973,P.S. 153 Helen Keller,['10475']
974,P.S. 153 Homecrest,['11229']
975,P.S. 153 Maspeth Elem,['11378']
976,P.S. 154 Harriet Tubman,['10027']
977,P.S. 154 Jonathan D. Hyatt,['10454']
978,P.S. 154 Queens,['11366']
979,P.S. 155,['11420']
980,P.S. 155 William Paca,['10035']
981,P.S. 156 Laurelton,['11413']
982,P.S. 156 Waverly,['11212']
983,P.S. 157 Grove Hill,['10456']
984,P.S. 158 Bayard Taylor,['10075']
985,P.S. 158 Warwick,['11207']
986,P.S. 159,['11361']
987,P.S. 159 Isaac Pitkin,['11208']
988,P.S. 159 Luis Munoz Marin Biling,['10458']
989,P.S. 160 Walt Disney,['10475']
990,P.S. 160 Walter Francis Bishop,['11435']
991,P.S. 160 William T. Sampson,['11219']
992,P.S. 161 Arthur Ashe School,['11419']
993,P.S. 161 Juan Ponce De Leon School,['10455']
994,P.S. 161 Pedro Albizu Campos,['10027']
995,P.S. 161 The Crown,['11225']
996,P.S. 162 John Golden,['11364']
997,P.S. 163 Alfred E. Smith,['10025']
998,P.S. 163 Arthur A. Schomburg,['10457']
999,P.S. 163 Bath Beach,['11214']
1000,P.S. 163 Flushing Heights,['11365']
1001,P.S. 164 Queens Valley,['11367']
1002,P.S. 165 Edith K. Bergtraum,['11367']
1003,P.S. 165 Ida Posner,['11212']
1004,P.S. 165 Robert E. Simon,['10025']
1005,P.S. 166 Henry Gradstein,['11106']
1006,P.S. 166 The Richard Rodgers School of The Arts an,['10024']
1007,P.S. 168,['10451']
1008,P.S. 169 Bay Terrace,['11360']
1009,P.S. 169 Sunset Park,['11232']
1010,P.S. 170,['11209']
1011,P.S. 171 Patrick Henry,['10029']
1012,P.S. 171 Peter G. Van Alst,['11102']
1013,P.S. 172 Beacon School of Excellence,['11232']
1014,P.S. 173,['11365']
1015,P.S. 173 Fresh Meadows,['11365']
1016,P.S. 174 William Sidney Mount,['11374']
1017,P.S. 175 City Island,['10464']
1018,P.S. 175 Henry H Garnet,['10030']
1019,P.S. 175 The Lynn Gross Discovery School,['11374']
1020,P.S. 176 Cambria Heights,['11411']
1021,P.S. 176 Ovington,['11219']
1022,P.S. 177 The Marlboro,['11204']
1023,P.S. 178 - Dr. Selman Waksman,['10475']
1024,P.S. 178 Saint Clair Mckelway,['11233']
1025,P.S. 179,['11218']
1026,P.S. 179 Kensington,['11218']
1027,P.S. 180 Hugo Newman,['10027']
1028,P.S. 181 Brookfield,['11413']
1029,P.S. 181 Brooklyn,['11203']
1030,P.S. 182,['10473']
1031,P.S. 182 Samantha Smith,['11432']
1032,P.S. 183 Dr. Richard R. Green,['11693']
1033,P.S. 183 Robert L. Stevenson,['10065']
1034,P.S. 184 Flushing Manor,['11357']
1035,P.S. 184 Newport,['11212']
1036,P.S. 184m Shuang Wen,['10002']
1037,P.S. 185 - The Early Childhood Discovery and Desig,['10026']
1038,P.S. 185 Walter Kassenbrock,['11209']
1039,P.S. 186 Castlewood,['11426']
1040,P.S. 186 Dr. Irving A Gladstone,['11214']
1041,P.S. 188 Kingsbury,"['21812', '11364']"
1042,P.S. 188 Michael E. Berdy,['11224']
1043,P.S. 188 The Island School,['10002']
1044,P.S. 189,['11212']
1045,P.S. 189 The Bilingual Center,['11212']
1046,P.S. 190 Sheffield,['11207']
1047,P.S. 191 Mayflower,['11001']
1048,P.S. 191 Paul Robeson,['11233']
1049,P.S. 192 - The Magnet School for Math and Science,['11204']
1050,P.S. 192 Jacob H. Schiff,['10031']
1051,P.S. 193 Alfred J. Kennedy,['11357']
1052,P.S. 193 Gil Hodges,['11210']
1053,P.S. 194 Countee Cullen,['10030']
1054,P.S. 194 Raoul Wallenberg,['11229']
1055,P.S. 195,['11235']
1056,P.S. 195 Manhattan Beach,['11235']
1057,P.S. 195 William Haberle,['11422']
1058,P.S. 196,['11375']
1059,P.S. 196 Grand Central Parkway,['11375']
1060,P.S. 196 Ten Eyck,['11206']
1061,P.S. 197 - The Kings Highway Academy,['11229']
1062,P.S. 197 John B. Russwurm,['10037']
1063,P.S. 197 The Ocean School,['11691']
1064,P.S. 198 Brooklyn,['11203']
1065,P.S. 198 Isador E. Ida Straus,['10128']
1066,P.S. 199 Frederick Wachtel,['11230']
1067,P.S. 199 Jessie Isador Straus,['10023']
1068,P.S. 199 Maurice A. Fitzgerald,['11104']
1069,P.S. 200 Benson School,['11214']
1070,P.S. 200- The James Mccune Smith School,['10039']
1071,P.S. 201 The Discovery School for Inquiry and Rese,['11367']
1072,P.S. 202 Ernest S. Jenkyns,['11208']
1073,P.S. 203 Floyd Bennett School,['11234']
1074,P.S. 203 Oakland Gardens,['11364']
1075,P.S. 204 Morris Heights,['10453']
1076,P.S. 204 Vince Lombardi,['11228']
1077,P.S. 205 Alexander Graham Bell,['11364']
1078,P.S. 205 Clarion,['11204']
1079,P.S. 205 Fiorello LaGuardia,['10458']
1080,P.S. 206 Jose Celso Barbosa,['10035']
1081,P.S. 206 Joseph F Lamb,['11229']
1082,P.S. 206 The Horace Harding School,['11374']
1083,P.S. 207,['11234']
1084,P.S. 207 Elizabeth G. Leary,['11234']
1085,P.S. 207 Rockwood Park,['11414']
1086,P.S. 208 Elsa Ebeling,['11203']
1087,P.S. 209,['11357']
1088,P.S. 209 Clearview Gardens,['11357']
1089,P.S. 209 Margaret Mead,['11235']
1090,P.S. 21 Margaret Emery-Elm Park,['10303']
1091,P.S. 211,['10457']
1092,P.S. 212,['11372']
1093,P.S. 212 Lady Deborah Moody,['11214']
1094,P.S. 212 Midtown West,['10036']
1095,P.S. 213 New Lots,['11207']
1096,P.S. 213 The Carl Ullman School,['11364']
1097,P.S. 214,['10460']
1098,P.S. 214 Cadwallader Colden,['11354']
1099,P.S. 214 Michael Friedsam,['11208']
1100,P.S. 215 Morris H. Weiss,['11223']
1101,P.S. 216 Arturo Toscanini,['11223']
1102,P.S. 217 Colonel David Marcus School,['11230']
1103,P.S. 219 Kennedy-King,['11212']
1104,P.S. 219 Paul Klapper,['11367']
1105,P.S. 220 Edward Mandel,['11375']
1106,P.S. 221 The North Hills School,['11362']
1107,P.S. 221 Toussaint L'Ouverture,['11213']
1108,P.S. 222 Katherine R. Snyder,['11234']
1109,P.S. 223 Lyndon B. Johnson,['11434']
1110,P.S. 224 Hale A. Woodruff,['11208']
1111,P.S. 226,['11204']
1112,P.S. 226 Alfred De B.Mason,['11204']
1113,P.S. 228 Early Childhood Magnet School of the Arts,"['11369', '11369']"
1114,P.S. 229 Dyker,['11228']
1115,P.S. 229 Emanuel Kaplan,['11377']
1116,P.S. 230 Doris L. Cohen,['11218']
1117,P.S. 232 Lindenwood,['11414']
1118,P.S. 233 Langston Hughes,['11236']
1119,P.S. 234,['10007']
1120,P.S. 234 Independence School,['10007']
1121,P.S. 235 Janice Marie Knight School,['11203']
1122,P.S. 236 Langston Hughes,['10453']
1123,P.S. 236 Mill Basin,['11234']
1124,P.S. 238 Anne Sullivan,['11223']
1125,P.S. 239,['11385']
1126,P.S. 241 Emma L. Johnston,['11225']
1127,P.S. 242 - The Young Diplomats Magnet Academy,['10027']
1128,P.S. 242 Leonard P. Stavisky Early Childhood Schoo,['11354']
1129,P.S. 243K- The Weeksville School,['11213']
1130,P.S. 244 Richard R. Green,['11203']
1131,P.S. 245,['11226']
1132,P.S. 246 Poe Center,['10468']
1133,P.S. 247 Brooklyn,['11204']
1134,P.S. 249 The Caton,['11226']
1135,P.S. 250 George H. Lindsay,['11206']
1136,P.S. 251 Paerdegat,['11234']
1137,P.S. 251 Queens,['11413']
1138,P.S. 253,['11235']
1139,P.S. 254 - The Rosa Parks School,['11418']
1140,P.S. 254 Dag Hammarskjold,['11235']
1141,P.S. 255 Barbara Reing School,['11229']
1142,P.S. 256 Benjamin Banneker,['11216']
1143,P.S. 257 John F. Hylan,['11206']
1144,P.S. 261 Philip Livingston,['11201']
1145,P.S. 262 El Hajj Malik El Shabazz Elementary Schoo,['11233']
1146,P.S. 264 Bay Ridge Elementary School For The Arts,['11209']
1147,P.S. 268 Emma Lazarus,['11203']
1148,P.S. 269 Nostrand,['11210']
1149,P.S. 270 Johann DeKalb,['11205']
1150,P.S. 272 Curtis Estabrook,['11236']
1151,P.S. 273,['11207']
1152,P.S. 273 Wortman,['11207']
1153,P.S. 274 Kosciusko,['11221']
1154,P.S. 276 Louis Marshall,['11236']
1155,P.S. 277,['10455']
1156,P.S. 277 Gerritsen Beach,['11229']
1157,"P.S. 279 Captain Manuel Rivera, Jr.",['10453']
1158,P.S. 279 Herman Schreiber,['11236']
1159,P.S. 28 - The Thomas Emanuel Early Childhood Cente,['11368']
1160,P.S. 280,['11372']
1161,P.S. 282 Park Slope,['11217']
1162,P.S. 287 Bailey K. Ashford,['11201']
1163,P.S. 288 The Shirley Tanyhill,['11224']
1164,P.S. 289 George V. Brower,['11213']
1165,P.S. 290 Juan Morel Campos,['11207']
1166,P.S. 290 Manhattan New School,['10028']
1167,P.S. 291,['10453']
1168,P.S. 295,['11215']
1169,P.S. 297 Abraham Stockton,['11206']
1170,P.S. 298 Dr. Betty Shabazz,['11212']
1171,P.S. 299 Thomas Warren Field,['11221']
1172,P.S. 3 Raul Julia Micro Society,['10457']
1173,P.S. 305 Dr. Peter Ray,['11216']
1174,P.S. 306,['10453']
1175,P.S. 306 Ethan Allen,['11207']
1176,P.S. 307 Daniel Hale Williams,['11201']
1177,P.S. 308 Clara Cardwell,['11221']
1178,P.S. 309 The George E. Wibecan Preparatory Academy,['11221']
1179,P.S. 310 Marble Hill,['10463']
1180,P.S. 312 Bergen Beach,['11234']
1181,P.S. 315 Lab School,['10468']
1182,P.S. 316 Elijah Stroud,['11238']
1183,P.S. 319,['11211']
1184,P.S. 321 William Penn,['11215']
1185,P.S. 326,['11234']
1186,P.S. 327 Dr. Rose B. English,['11212']
1187,P.S. 328 Phyllis Wheatley,['11207']
1188,P.S. 329 Surfside,['11224']
1189,P.S. 330,['11368']
1190,P.S. 333 Manhattan School for Children,['10025']
1191,P.S. 335 Granville T. Woods,['11213']
1192,P.S. 340,['10011']
1193,P.S. 345 Patrolman Robert Bolden,['11208']
1194,P.S. 346 Abe Stark,['11239']
1195,P.S. 35 The Clove Valley School,['10301']
1196,P.S. 36,['11207']
1197,P.S. 360,['10463']
1198,P.S. 361 East Flatbush Early Childhood School,['11226']
1199,P.S. 368,['11206']
1200,P.S. 370,['11224']
1201,P.S. 371 - Lillian L. Rashkis,['11232']
1202,P.S. 372 -The Children's School,['11215']
1203,P.S. 373 - Brooklyn Transition Center,['11206']
1204,P.S. 375 Jackie Robinson School,['11225']
1205,P.S. 376,['11237']
1206,P.S. 377,['11417']
1207,P.S. 377 Alejandrina B. De Gautier,['11221']
1208,P.S. 38 Roberto Clemente,['10029']
1209,P.S. 380 John Wayne Elementary,['11206']
1210,P.S. 39 Francis J. Murphy Jr.,['10305']
1211,P.S. 396,['10453']
1212,P.S. 397 Foster-Laurie,['11203']
1213,P.S. 398 Walter Weaver,['11212']
1214,P.S. 399 Stanley Eugene Clark,['11226']
1215,P.S. 452,['10023']
1216,P.S. 5 Port Morris,['10455']
1217,P.S. 503: The School of Discovery,['11220']
1218,P.S. 506: The School of Journalism & Technology,['11220']
1219,P.S. 527 - East Side School for Social Action,['10128']
1220,P.S. 536,['10460']
1221,P.S. 56 The Louis Desario School,['10309']
1222,P.S. 58 - The School of Heroes,['11378']
1223,P.S. 583,['10472']
1224,P.S. 6 Corporal Allan F. Kivlehan School,['10307']
1225,P.S. 65 - The Raymond York Elementary School,['11417']
1226,P.S. 65 The Academy of Innovative Learning,['10301']
1227,P.S. 66,['11236']
1228,P.S. 69 Vincent D. Grippo School,['11220']
1229,P.S. 723,['10454']
1230,P.S. 74 Future Leaders Elementary School,['10301']
1231,P.S. 748 Brooklyn School for Global Scholars,['11214']
1232,P.S. 77 Lower Lab School,['10128']
1233,P.S. 770 New American Academy,['11212']
1234,P.S. 78,['10304']
1235,P.S. 8 Shirlee Solomon,['10308']
1236,P.S. 81Q Jean Paul Richter,['11385']
1237,P.S. 889,['11218']
1238,P.S. 89,['10282']
1239,P.S. 9 Ryer Avenue Elementary School,['10458']
1240,P.S. 90 Edna Cohen School,['11224']
1241,P.S. 97 The Highlawn,['11223']
1242,P.S. K134,['11218']
1243,P.S. K225 - The Eileen E. Zaglin,['11235']
1244,P.S. K369 - Coy L. Cox School,['11217']
1245,P.S. K721 - Brooklyn Occupational Training Center,['11223']
1246,P.S. K753 - School for Career Development,['11238']
1247,P.S. K811 Connie Lekas School,['11235']
1248,P.S. M079 - Horan School,['10035']
1249,P.S. M094,['10280']
1250,P.S. M169 - Robert F. Kennedy,['10128']
1251,P.S. M721 - Manhattan Occupational Training Center,['10014']
1252,P.S. M811 - Mickey Mantle School,['10024']
1253,P.S. Q016 The Nancy DeBenedittis School,['11368']
1254,P.S. Q023 @ Queens Children Center,['11426']
1255,P.S. Q256,['11791']
1256,P.S. Q811,['11362']
1257,P.S. X015 Institute for Environmental Learning,['10453']
1258,P.S. X037 - Multiple Intelligence School,['10463']
1259,P.S. X088 - S. Silverstein Little Sparrow School,['10456']
1260,P.S. X721 - Stephen McSweeney School,['10461']
1261,P.S./ I.S. 155 Nicholas Herkimer,['11233']
1262,P.S./ IS 178 Holliswood,['11423']
1263,P.S./I.S. 045 Horace E. Greene,['11207']
1264,P.S./I.S. 087 Middle Village,['11379']
1265,P.S./I.S. 104 The Fort Hamilton School,['11209']
1266,P.S./I.S. 113 Anthony J. Pranzo,['11385']
1267,P.S./I.S. 116 William C. Hughley,['11433']
1268,P.S./I.S. 137 Rachel Jean Mitchell,['11233']
1269,P.S./I.S. 157 The Benjamin Franklin Health & Scien,['11205']
1270,P.S./I.S. 187 Hudson Cliffs,['10033']
1271,P.S./I.S. 208,['11426']
1272,P.S./I.S. 217 Roosevelt Island,['10044']
1273,P.S./I.S. 218 Rafael Hernandez Dual Language Magne,['10452']
1274,P.S./I.S. 224,['10454']
1275,P.S./I.S. 266,['11426']
1276,P.S./I.S. 268,['11433']
1277,P.S./I.S. 295,['11428']
1278,P.S./I.S. 30 Mary White Ovington,['11209']
1279,P.S./I.S. 323,['11212']
1280,P.S./I.S. 54,['10458']
1281,P.S./I.S. 78Q,['11109']
1282,P.S./M.S 042 R. Vernam,['11692']
1283,P.S./M.S. 004 Crotona Park West,['10457']
1284,P.S./M.S. 031 The William Lloyd Garrison,['10451']
1285,P.S./M.S. 114 Belle Harbor,['11694']
1286,P.S./M.S. 11X498 - VAN NEST ACADEMY,['10462']
1287,P.S./M.S. 138 Sunrise,"['25111', '11422']"
1288,P.S./M.S. 147 Ronald McNair,['11411']
1289,P.S./M.S. 200 - The Pomonok School & STAR Academy,['11365']
1290,P.S./M.S. 280 Mosholu Parkway,['10467']
1291,P186X Walter J. Damrosch School,['10459']
1292,P469X - The Bronx School for Continuous Learners,['10467']
1293,PAVE Academy Charter School,['11231']
1294,PROGRESS High School for Professional Careers,['11211']
1295,Pace High School,['32571']
1296,Pan American International High School,['11373']
1297,Pan American International High School at Monroe,['10472']
1298,Park East High School,['10029']
1299,Park Slope Collegiate,['11215']
1300,Parkside Preparatory Academy,['11226']
1301,Pathways College Preparatory School: A College Boa,['11412']
1302,Pathways in Technology Early College High School (,['11213']
1303,Pathways to Graduation,['11435']
1304,Paula Hedbavny School,['10034']
1305,Pelham Academy of Academics and Community Engageme,['10467']
1306,Pelham Gardens Middle School,['10469']
1307,Pelham Lab High School,['10461']
1308,Pelham Preparatory Academy,['10469']
1309,Peninsula Preparatory Academy Charter School,['11691']
1310,Performing Arts and Technology High School,['11207']
1311,Pioneer Academy,['07470']
1312,Port Richmond High School,['10302']
1313,Port Richmond School for Visionary Learning,['10302']
1314,Pre-K Center at Bishop Ford School Site,['11215']
1315,Preparatory Academy for Writers: A College Board S,['11413']
1316,Professional Pathways High School,['11235']
1317,Professional Performing Arts High School,['10036']
1318,Professor Juan Bosch Public School,['10040']
1319,Providing Urban Learners Success In Education High,['10457']
1320,Queens Academy High School,['11354']
1321,Queens Collegiate: A College Board School,"['16701', '11432']"
1322,Queens Explorers Elementary School,['11416']
1323,Queens Gateway to Health Sciences Secondary School,['11432']
1324,"Queens High School for Information, Research, and",['11691']
1325,Queens High School for Language Studies,['11354']
1326,Queens High School for the Sciences at York Colleg,['11451']
1327,"Queens High School of Teaching, Liberal Arts and t",['11426']
1328,Queens Metropolitan High School,['11375']
1329,Queens Preparatory Academy,['11413']
1330,Queens Satellite High School for Opportunity,['11432']
1331,"Queens School of Inquiry, The",['11366']
1332,Queens Transition Center,['11435']
1333,Queens United Middle School,['11413']
1334,Queens Vocational and Technical High School,['11101']
1335,Quest to Learn,['10011']
1336,Rachel Carson High School for Coastal Studies,['11224']
1337,Ralph A. Fabrizio School,['11209']
1338,Red Hook Neighborhood School,['11231']
1339,Redwood Middle School,['91360']
1340,Renaissance Charter High School for Innovation,['10029']
1341,Renaissance High School for Musical Theater & Tech,['10461']
1342,Renaissance School of the Arts,['10035']
1343,Repertory Company High School for Theatre Arts,['10036']
1344,Research and Service High School,['11213']
1345,Restart Academy,['10019']
1346,Richard R. Green High School of Teaching,['10004']
1347,Richmond Hill High School,['31324']
1348,River East Elementary,['10035']
1349,Riverdale / Kingsbridge Academy (Middle School / H,['10463']
1350,Riverdale Avenue Community School,['11212']
1351,Riverdale Avenue Middle School,['11212']
1352,Riverton Street Charter School,['11412']
1353,Robert E. Peary School,['11385']
1354,Robert F. Kennedy Community High School,['11366']
1355,Robert H. Goddard High School of Communication Art,['11417']
1356,Rochdale Early Advantage Charter School,"['12205', '11434']"
1357,Rockaway Collegiate High School,['11694']
1358,Rockaway Park High School for Environmental Sustai,['11694']
1359,Ronald Edmonds Learning Center II,['11233']
1360,Rosalyn Yalow Charter School,['10452']
1361,Rose Hill Pre-K Center,['10458']
1362,STEM Institute of Manhattan,['10026']
1363,Samara Community School,['10460']
1364,Satellite Academy High School,['10001']
1365,Satellite East Middle School,['11216']
1366,Scholars' Academy,['11694']
1367,School for Cooperative Technical Education,['10128']
1368,School for Environmental Citizenship,['10453']
1369,School for Excellence,['10456']
1370,School for Global Leaders,['10002']
1371,"School for Human Rights, The",['11203']
1372,School for Tourism and Hospitality,['10456']
1373,School in the Square Public Charter School,['10033']
1374,School of Performing Arts,['60540']
1375,School of Science & Technology,['79900']
1376,School of the Future Brooklyn,['11207']
1377,School of the Future High School,['10010']
1378,Schuylerville Preparatory High School,['10461']
1379,"Science Skills Center High School for Science, Tec",['11201']
1380,Science and Technology Academy: A Mott Hall School,['10456']
1381,Secondary School for Journalism,['11215']
1382,Sheridan Academy for Young Leaders,['10456']
1383,Sisulu-Walker Charter School of Harlem,['10026']
1384,Sixth Avenue Elementary School,['80011']
1385,Soundview Academy for Culture and Scholarship,['10451']
1386,South Bronx Academy for Applied Media,['10456']
1387,South Bronx Charter School for International Cultu,['10454']
1388,South Bronx Classical Charter School,['10459']
1389,South Bronx Classical Charter School  IV,['10456']
1390,South Bronx Classical Charter School II,['10454']
1391,South Bronx Classical Charter School III,['10456']
1392,South Bronx Community Charter School,['10451']
1393,South Bronx Preparatory: A College Board School,['10454']
1394,South Brooklyn Community High School,['11231']
1395,South Richmond High School I.S./P.S. 25,['10309']
1396,Space Shuttle Columbia School,['10314']
1397,Special Music School,['10023']
1398,Spring Creek Community School,['11239']
1399,Spruce Street School,['10038']
1400,St. HOPE Leadership Academy Charter School,['10030']
1401,Staten Island School of Civic Leadership,['10314']
1402,Staten Island Technical High School,['10306']
1403,Stephen T. Mather Building Arts & Craftsmanship Hi,['10019']
1404,Stuyvesant High School,['10282']
1405,Success Academy Charter School - Bed Stuy 3,['11221']
1406,Success Academy Charter School - Bed-Stuy 1,['11206']
1407,Success Academy Charter School - Bed-Stuy 2,['11206']
1408,Success Academy Charter School - Bensonhurst - New,['11204']
1409,Success Academy Charter School - Bergen Beach - Ne,['11234']
1410,Success Academy Charter School - Bronx 1,['10451']
1411,Success Academy Charter School - Bronx 2,['10456']
1412,Success Academy Charter School - Bronx 3,['10456']
1413,Success Academy Charter School - Bronx 4 - New Yor,['10473']
1414,Success Academy Charter School - Bushwick,['11221']
1415,Success Academy Charter School - Cobble Hill,['11201']
1416,Success Academy Charter School - Far Rockaway,['11691']
1417,Success Academy Charter School - Flatbush,['11226']
1418,Success Academy Charter School - Harlem 1,['10026']
1419,Success Academy Charter School - Harlem 2,['10035']
1420,Success Academy Charter School - Harlem 3,['10029']
1421,Success Academy Charter School - Harlem 4,['10026']
1422,Success Academy Charter School - Harlem 5,['10030']
1423,Success Academy Charter School - Harlem 6,['10027']
1424,Success Academy Charter School - Hudson Yards,['10036']
1425,Success Academy Charter School - Rosedale - New Yo,['10005']
1426,Success Academy Charter School - South Jamaica,['11436']
1427,Success Academy Charter School - Springfield Garde,['11413']
1428,Success Academy Charter School - Upper West,['10024']
1429,Success Academy Charter School - Washington Height,['10040']
1430,Success Academy Charter School - Williamsburg,['11211']
1431,Success Academy Crown Heights (Brooklyn 7),['11225']
1432,Success Academy Fort Greene (Brooklyn 5),['11205']
1433,Success Academy Hell's Kitchen (Manhattan 2),['10019']
1434,Success Academy Prospect Heights (Brooklyn 6),['11216']
1435,Success Academy Union Square (Manhattan 1),['10003']
1436,Summit Academy Charter School,['11231']
1437,Sunset Park Avenues Elementary School,['11232']
1438,Sunset Park High School,['11232']
1439,Sunset Park Prep,['11232']
1440,Susan E. Wagner High School,['10314']
1441,THE JUDITH S. KAYE HIGH SCHOOL,['10128']
1442,Tag Young Scholars,['10029']
1443,Talent Unlimited High School,['10065']
1444,Teachers College Community School,['10027']
1445,Teachers Preparatory High School,['11212']
1446,"Technology, Arts, and Sciences Studio",['10003']
1447,The 30th Avenue School (G&T Citywide),['11102']
1448,The 47 American Sign Language & English Lower Scho,['10010']
1449,The 51 Avenue Academy (The Path To Academic Excell,['11373']
1450,The Academy for Excellence through the Arts,['11375']
1451,The Academy of Talented Scholars,['11204']
1452,The Academy of Urban Planning and Engineering,['11221']
1453,The Active Learning Elementary School,['11355']
1454,The Anderson School,['10024']
1455,The Angelo Patri Middle School,['10457']
1456,The Barbara Esselborn School,['10308']
1457,The Bellaire School,['11427']
1458,The Bilingual Bicultural School,['10029']
1459,The Boerum Hill School for International Studies,['11201']
1460,The Bronx High School of Science,['10468']
1461,The Bronx Mathematics Preparatory School,['10473']
1462,The Bronx School of Young Leaders,['10453']
1463,The Bronxwood Preparatory Academy,['10466']
1464,The Brooklyn Academy of Global Finance,['11221']
1465,"The Brooklyn New School, P.S. 146",['11231']
1466,The Brooklyn School for Math and Research,['11237']
1467,The Brooklyn School for Social Justice,['11237']
1468,The Children's Lab School,['11104']
1469,The Children's Workshop School,['10009']
1470,The Christa McAuliffe School\I.S. 187,['11219']
1471,The Cinema School,['10472']
1472,The College Academy,['10040']
1473,The Eagle Academy for Young Men of Staten Island,['10304']
1474,The East Village Community School,['10009']
1475,The Emerson School,['11433']
1476,The Equality Charter School,['10473']
1477,The Equity Project Charter School (TEP),['10040']
1478,The Ezra Jack Keats Pre-K Center,['11418']
1479,The Fresh Creek School,['11236']
1480,The Global Learning Collaborative,['10024']
1481,The Gordon Parks School,['11422']
1482,"The Gregory Jocko Jackson School of Sports, Art, a",['11212']
1483,The Harbor View School,['10301']
1484,The High School For Language And Diplomacy,['10003']
1485,"The High School for Enterprise, Business and Techn",['11211']
1486,The High School for Global Citizenship,['11225']
1487,The High School of Fashion Industries,['10011']
1488,The Highbridge Green School,['10452']
1489,The Hunts Point School,['10474']
1490,The International Charter School of New York,['11201']
1491,The Jermaine L. Green STEM Institute of Queens,['11434']
1492,The Joan Snow Pre-K Center,['11230']
1493,The Kathleen Grimm School for Leadership and Susta,['10309']
1494,The Laboratory School of Finance and Technology: X,['10454']
1495,The Lexington Academy,['10029']
1496,The Little Brooklyn Pre-K Center,['11215']
1497,The Longwood Academy of Discovery,['10459']
1498,"The Marie Curie School for Medicine, Nursing, and",['10463']
1499,The Matilda Avenue School,['10470']
1500,The Maurice Sendak Community School,['11215']
1501,The Metropolitan Soundview High School,['10472']
1502,The Michael J. Petrides School,['10301']
1503,The Mott Hall School,['10027']
1504,The New American Academy at Roberto Clemente State,['11212']
1505,The New School for Leadership and Journalism,['10463']
1506,The Opportunity Charter School,['10026']
1507,The Peck Slip School,['10038']
1508,"The Queens College School for Math, Science and Te",['11367']
1509,The Queens School for Leadership and Excellence,['11432']
1510,The Richard H. Hungerford School,['10304']
1511,The Richmond Pre-K Center,['10301']
1512,The River School,['20007']
1513,The Riverside School for Makers and Artists,['10023']
1514,The Riverview School,['11101']
1515,The SEEALL Academy,['11204']
1516,The STAR Academy - P.S.63,['10009']
1517,The STEAM Bridge School,['10462']
1518,"The School for Classics: An Academy of Thinkers, W",['11208']
1519,The School for Inquiry and Social Justice,['10472']
1520,The School of Integrated Learning,['11213']
1521,The School of Science and Applied Learning,['10460']
1522,The Science And Medicine Middle School,['11236']
1523,The Uft Charter School,['11207']
1524,The Urban Assembly Bronx Academy of Letters,['10451']
1525,The Urban Assembly School for Collaborative Health,['11208']
1526,The Urban Assembly School for Emergency Management,['10038']
1527,The Urban Assembly School for Global Commerce,['10035']
1528,The Urban Assembly School for Green Careers,['10024']
1529,The Urban Assembly School for Law and Justice,['11201']
1530,The Urban Assembly Unison School,['11238']
1531,The Vida Bogart School for All Children,['10474']
1532,The Walton Avenue School,['10452']
1533,The Williamsburg High School of Art and Technology,['11206']
1534,The Windsor Terrace School,['11215']
1535,The Woodside Community School,['11377']
1536,Theatre Arts Production Company School,['10457']
1537,Thomas A. Edison Career and Technical Education Hi,['11432']
1538,Thomas C. Giordano Middle School 45,['10458']
1539,Thurgood Marshall Academy Lower School,['10039']
1540,Thurgood Marshall Academy for Learning and Social,['10030']
1541,Tompkins Square Middle School,['10009']
1542,Tottenville High School,['10312']
1543,Townsend Harris High School,['11367']
1544,Transit Tech Career and Technical Education High S,['11208']
1545,Union Square Academy for Health Sciences,['10003']
1546,Unity Center for Urban Technologies,['10016']
1547,Unity Prep Charter School,['11221']
1548,University Heights Secondary School,['10455']
1549,University Neighborhood High School,['10002']
1550,University Neighborhood Middle School,['10002']
1551,University Prep Charter High School,['10455']
1552,Urban Academy Laboratory High School,['10065']
1553,Urban Action Academy,['11236']
1554,Urban Assembly Academy for Future Leaders,['10027']
1555,"Urban Assembly Academy of Government and Law, The",['10002']
1556,Urban Assembly Gateway School for Technology,['10019']
1557,Urban Assembly Institute of Math and Science for Y,['11201']
1558,Urban Assembly Maker Academy,['10038']
1559,Urban Assembly New York Harbor School,['10004']
1560,Urban Assembly School for Applied Math and Science,['10457']
1561,Urban Assembly School for Criminal Justice,['11204']
1562,"Urban Assembly School for Media Studies, The",['10023']
1563,Urban Assembly School for Music and Art,['11201']
1564,Urban Assembly School for Wildlife Conservation,['10460']
1565,Urban Assembly School for the Performing Arts,['10027']
1566,"Urban Assembly School of Business for Young Women,",['10004']
1567,"Urban Assembly School of Design and Construction,",['10019']
1568,Urban Dove Charter School,['11216']
1569,Urban Institute of Mathematics,['10465']
1570,Urban Scholars Community School,['10456']
1571,Urban Science Academy,['02132']
1572,VOICE Charter School of New York,['11106']
1573,VOYAGES Preparatory,['11373']
1574,Validus Preparatory Academy,['10457']
1575,Van Siclen Community Middle School,['11207']
1576,Vanguard High School,['34475']
1577,Veritas Academy,['17540']
1578,Victory Collegiate High School,['11236']
1579,Village Academy,['43065']
1580,Vista Academy,['80249']
1581,Voyages Prep - South Queens,['11434']
1582,W. H. Maxwell Career and Technical Education High,['11207']
1583,W.E.B. Dubois Academic High School,['11225']
1584,WHIN Music Community,['10032']
1585,Wadleigh Secondary School for the Performing & Vis,['10026']
1586,Washington Heights Academy,['10034']
1587,Washington Heights Expeditionary Learning School,['10033']
1588,Waterside Children's Studio School,['11694']
1589,Waterside School For Leadership,['11694']
1590,Wave Preparatory Elementary School,['11691']
1591,West Bronx Academy for the Future,['10458']
1592,West Brooklyn Community High School,['11219']
1593,West End Secondary School,['10023']
1594,West Prep Academy,['10025']
1595,Westchester Square Academy,['10461']
1596,William Cullen Bryant High School,['11103']
1597,William E. Grady Career and Technical Education Hi,['11235']
1598,Williamsburg Charter High School,['11206']
1599,Williamsburg Collegiate Charter School,['11211']
1600,Williamsburg High School for Architecture and Desi,['45176']
1601,Williamsburg Preparatory School,['11211']
1602,Wings Academy,['10460']
1603,Women's Academy of Excellence,['10473']
1604,World Academy for Total Community Health High Scho,['11207']
1605,World Journalism Preparatory: A College Board Scho,['11358']
1606,World View High School,['10468']
1607,York Early College Academy,['11433']
1608,Yorkville Community School,['10128']
1609,Yorkville East Middle School,['10075']
1610,Young Leaders Elementary School,['10454']
1611,Young Voices Academy of the Bronx,['10462']
1612,Young Women's Leadership School,['11432']
1613,Young Women's Leadership School of Brooklyn,['11206']
1614,Young Women's Leadership School of the Bronx,['10453']
1615,"Young Women's Leadership School, Astoria",['11102']
1616,"Young Women's Leadership School, Queens",['11432']
